{"resourceType":"CodeSystem","id":"ClasificacionDesenlaceWHOUMCCS","text":{"status":"generated","div":"<div xmlns=\"http://www.w3.org/1999/xhtml\"><p>This case-insensitive code system <code>https://paho.org/fhir/esavi/CodeSystem/ClasificacionDesenlaceWHOUMCCS</code> defines the following codes:</p><table class=\"codes\"><tr><td style=\"white-space:nowrap\"><b>Code</b></td><td><b>Display</b></td></tr><tr><td style=\"white-space:nowrap\">01<a name=\"ClasificacionDesenlaceWHOUMCCS-01\"> </a></td><td>Definitive</td></tr><tr><td style=\"white-space:nowrap\">02<a name=\"ClasificacionDesenlaceWHOUMCCS-02\"> </a></td><td>Probable</td></tr><tr><td style=\"white-space:nowrap\">03<a name=\"ClasificacionDesenlaceWHOUMCCS-03\"> </a></td><td>Possible</td></tr><tr><td style=\"white-space:nowrap\">04<a name=\"ClasificacionDesenlaceWHOUMCCS-04\"> </a></td><td>Unlikely</td></tr><tr><td style=\"white-space:nowrap\">05<a name=\"ClasificacionDesenlaceWHOUMCCS-05\"> </a></td><td>Conditional / Not classified</td></tr><tr><td style=\"white-space:nowrap\">06<a name=\"ClasificacionDesenlaceWHOUMCCS-06\"> </a></td><td>Not evaluable / Not classifiable</td></tr></table></div>"},"url":"https://paho.org/fhir/esavi/CodeSystem/ClasificacionDesenlaceWHOUMCCS","version":"0.1.45","name":"ClasificacionDesenlaceWHOUMCCS","title":"WHO-UMC Causality Classification","status":"active","experimental":false,"date":"2021-03-11T00:00:00-03:00","publisher":"ESAVI -","contact":[{"name":"ESAVI -","telecom":[{"system":"url","value":"https://covid-19pharmacovigilance.paho.org/resources/updates-on-aefi"},{"system":"email","value":"rizzatodan@paho.org"}]}],"description":"WHO-UMC causality classification method","jurisdiction":[{"coding":[{"system":"http://unstats.un.org/unsd/methods/m49/m49.htm","code":"001"}]}],"caseSensitive":false,"content":"complete","count":6,"concept":[{"code":"01","display":"Definitive"},{"code":"02","display":"Probable"},{"code":"03","display":"Possible"},{"code":"04","display":"Unlikely"},{"code":"05","display":"Conditional / Not classified"},{"code":"06","display":"Not evaluable / Not classifiable"}]}