{"resourceType":"ValueSet","id":"RespuestaSiNoNoSabeVS","text":{"status":"generated","div":"<div xmlns=\"http://www.w3.org/1999/xhtml\"><ul><li>Include all codes defined in <a href=\"CodeSystem-RespuestaSiNoNoSabeCS.html\"><code>https://paho.org/fhir/esavi/CodeSystem/RespuestaSiNoNoSabeCS</code></a></li></ul></div>"},"url":"https://paho.org/fhir/esavi/ValueSet/RespuestaSiNoNoSabeVS","version":"0.1.45","name":"RespuestaSiNoNoSabeVS","title":"Simple Answers","status":"active","experimental":false,"date":"2021-03-11T00:00:00-03:00","publisher":"ESAVI -","contact":[{"name":"ESAVI -","telecom":[{"system":"url","value":"https://covid-19pharmacovigilance.paho.org/resources/updates-on-aefi"},{"system":"email","value":"rizzatodan@paho.org"}]}],"description":"Codes to capture simple yes/no/don't know responses","jurisdiction":[{"coding":[{"system":"http://unstats.un.org/unsd/methods/m49/m49.htm","code":"001"}]}],"compose":{"include":[{"system":"https://paho.org/fhir/esavi/CodeSystem/RespuestaSiNoNoSabeCS"}]}}