<?xml version="1.0" encoding="UTF-8"?><CodeSystem xmlns="http://hl7.org/fhir"><id value="ModoConfirmacionInfeccionCS"/><text><status value="generated"/><div xmlns="http://www.w3.org/1999/xhtml"><p>This case-insensitive code system <code>https://paho.org/fhir/esavi/CodeSystem/ModoConfirmacionInfeccionCS</code> defines the following codes:</p><table class="codes"><tr><td style="white-space:nowrap"><b>Code</b></td><td><b>Display</b></td></tr><tr><td style="white-space:nowrap">1<a name="ModoConfirmacionInfeccionCS-1"> </a></td><td>By clinical epidemiological criteria</td></tr><tr><td style="white-space:nowrap">2<a name="ModoConfirmacionInfeccionCS-2"> </a></td><td>by immunoassay</td></tr><tr><td style="white-space:nowrap">3<a name="ModoConfirmacionInfeccionCS-3"> </a></td><td>By molecular tests</td></tr><tr><td style="white-space:nowrap">4<a name="ModoConfirmacionInfeccionCS-4"> </a></td><td>Due to viral isolation</td></tr><tr><td style="white-space:nowrap">5<a name="ModoConfirmacionInfeccionCS-5"> </a></td><td>Other</td></tr></table></div></text><url value="https://paho.org/fhir/esavi/CodeSystem/ModoConfirmacionInfeccionCS"/><version value="0.1.45"/><name value="ModoConfirmacionInfeccionCS"/><title value="Infection Confirmation Mode"/><status value="active"/><experimental value="false"/><date value="2021-03-11T00:00:00-03:00"/><publisher value="ESAVI -"/><contact><name value="ESAVI -"/><telecom><system value="url"/><value value="https://covid-19pharmacovigilance.paho.org/resources/updates-on-aefi"/></telecom><telecom><system value="email"/><value value="rizzatodan@paho.org"/></telecom></contact><description value="Modes of Confirmation of COVID-19 Infection"/><jurisdiction><coding><system value="http://unstats.un.org/unsd/methods/m49/m49.htm"/><code value="001"/></coding></jurisdiction><caseSensitive value="false"/><content value="complete"/><count value="5"/><concept><code value="1"/><display value="By clinical epidemiological criteria"/></concept><concept><code value="2"/><display value="by immunoassay"/></concept><concept><code value="3"/><display value="By molecular tests"/></concept><concept><code value="4"/><display value="Due to viral isolation"/></concept><concept><code value="5"/><display value="Other"/></concept></CodeSystem>