<?xml version="1.0" encoding="UTF-8"?><CodeSystem xmlns="http://hl7.org/fhir"><id value="ModoVerificacionVacunaCS"/><text><status value="generated"/><div xmlns="http://www.w3.org/1999/xhtml"><p>This case-insensitive code system <code>https://paho.org/fhir/esavi/CodeSystem/ModoVerificacionVacunaCS</code> defines the following codes:</p><table class="codes"><tr><td style="white-space:nowrap"><b>Code</b></td><td><b>Display</b></td></tr><tr><td style="white-space:nowrap">1<a name="ModoVerificacionVacunaCS-1"> </a></td><td>Physical Card/Registration</td></tr><tr><td style="white-space:nowrap">2<a name="ModoVerificacionVacunaCS-2"> </a></td><td>Electronic Card/Registration</td></tr><tr><td style="white-space:nowrap">3<a name="ModoVerificacionVacunaCS-3"> </a></td><td>Verbal statement</td></tr><tr><td style="white-space:nowrap">4<a name="ModoVerificacionVacunaCS-4"> </a></td><td>Clinical history corroborated with ID</td></tr><tr><td style="white-space:nowrap">5<a name="ModoVerificacionVacunaCS-5"> </a></td><td>It is not known</td></tr><tr><td style="white-space:nowrap">O<a name="ModoVerificacionVacunaCS-O"> </a></td><td>Another</td></tr></table></div></text><url value="https://paho.org/fhir/esavi/CodeSystem/ModoVerificacionVacunaCS"/><version value="0.1.45"/><name value="ModoVerificacionVacunaCS"/><title value="Prior Vaccination Verification Mode"/><status value="active"/><experimental value="false"/><date value="2021-03-11T00:00:00-03:00"/><publisher value="ESAVI -"/><contact><name value="ESAVI -"/><telecom><system value="url"/><value value="https://covid-19pharmacovigilance.paho.org/resources/updates-on-aefi"/></telecom><telecom><system value="email"/><value value="rizzatodan@paho.org"/></telecom></contact><description value="Vaccine Verification Modes or Completed Vaccination Schedule"/><jurisdiction><coding><system value="http://unstats.un.org/unsd/methods/m49/m49.htm"/><code value="001"/></coding></jurisdiction><caseSensitive value="false"/><content value="complete"/><count value="6"/><concept><code value="1"/><display value="Physical Card/Registration"/></concept><concept><code value="2"/><display value="Electronic Card/Registration"/></concept><concept><code value="3"/><display value="Verbal statement"/></concept><concept><code value="4"/><display value="Clinical history corroborated with ID"/></concept><concept><code value="5"/><display value="It is not known"/></concept><concept><code value="O"/><display value="Another"/></concept></CodeSystem>