<?xml version="1.0" encoding="UTF-8"?><ValueSet xmlns="http://hl7.org/fhir"><id value="EsaviMedDRAVS"/><text><status value="generated"/><div xmlns="http://www.w3.org/1999/xhtml"><ul><li>Include all codes defined in <a href="http://terminology.hl7.org/5.3.0/CodeSystem-mdr.html"><code>https://www.meddra.org</code></a></li></ul></div></text><url value="https://paho.org/fhir/esavi/ValueSet/EsaviMedDRAVS"/><version value="0.1.45"/><name value="EsaviMedDRAVS"/><title value="MedDRA Code of the Reported Adverse Event"/><status value="active"/><experimental value="false"/><date value="2021-03-11T00:00:00-03:00"/><publisher value="ESAVI -"/><contact><name value="ESAVI -"/><telecom><system value="url"/><value value="https://covid-19pharmacovigilance.paho.org/resources/updates-on-aefi"/></telecom><telecom><system value="email"/><value value="rizzatodan@paho.org"/></telecom></contact><description value="MedDRA Code of the Reported Adverse Event"/><jurisdiction><coding><system value="http://unstats.un.org/unsd/methods/m49/m49.htm"/><code value="001"/></coding></jurisdiction><compose><include><system value="https://www.meddra.org"/></include></compose></ValueSet>