<?xml version="1.0" encoding="UTF-8"?><ValueSet xmlns="http://hl7.org/fhir"><id value="ClasificacionDesenlaceWHOAEFIVS"/><text><status value="generated"/><div xmlns="http://www.w3.org/1999/xhtml"><ul><li>Include all codes defined in <a href="CodeSystem-ClasificacionDesenlaceWHOAEFICS.html"><code>https://paho.org/fhir/esavi/CodeSystem/ClasificacionDesenlaceWHOAEFICS</code></a></li></ul></div></text><url value="https://paho.org/fhir/esavi/ValueSet/ClasificacionDesenlaceWHOAEFIVS"/><version value="0.1.45"/><name value="ClasificacionDesenlaceWHOAEFIVS"/><title value="WHO-AEFI causality classification"/><status value="active"/><experimental value="false"/><date value="2021-03-11T00:00:00-03:00"/><publisher value="ESAVI -"/><contact><name value="ESAVI -"/><telecom><system value="url"/><value value="https://covid-19pharmacovigilance.paho.org/resources/updates-on-aefi"/></telecom><telecom><system value="email"/><value value="rizzatodan@paho.org"/></telecom></contact><description value="WHO-AEFI causality classification method"/><jurisdiction><coding><system value="http://unstats.un.org/unsd/methods/m49/m49.htm"/><code value="001"/></coding></jurisdiction><compose><include><system value="https://paho.org/fhir/esavi/CodeSystem/ClasificacionDesenlaceWHOAEFICS"/></include></compose></ValueSet>