[
  {
    "id" : "ClasificacionDesenlaceCS",
    "type" : "CodeSystem",
    "url" : "https://paho.org/fhir/esavi/CodeSystem/ClasificacionDesenlaceCS",
    "version" : "0.1.45",
    "name" : "ClasificacionDesenlaceCS"
  },
  {
    "id" : "ClasificacionDesenlaceNaranjoCS",
    "type" : "CodeSystem",
    "url" : "https://paho.org/fhir/esavi/CodeSystem/ClasificacionDesenlaceNaranjoCS",
    "version" : "0.1.45",
    "name" : "ClasificacionDesenlaceNaranjoCS"
  },
  {
    "id" : "ClasificacionDesenlaceWHOAEFICS",
    "type" : "CodeSystem",
    "url" : "https://paho.org/fhir/esavi/CodeSystem/ClasificacionDesenlaceWHOAEFICS",
    "version" : "0.1.45",
    "name" : "ClasificacionDesenlaceWHOAEFICS"
  },
  {
    "id" : "ClasificacionDesenlaceWHOUMCCS",
    "type" : "CodeSystem",
    "url" : "https://paho.org/fhir/esavi/CodeSystem/ClasificacionDesenlaceWHOUMCCS",
    "version" : "0.1.45",
    "name" : "ClasificacionDesenlaceWHOUMCCS"
  },
  {
    "id" : "CodeWhoManufacturerCS",
    "type" : "CodeSystem",
    "url" : "https://paho.org/fhir/esavi/CodeSystem/CodeWhoManufacturerCS",
    "version" : "0.1.45",
    "name" : "CodigoWhoFabricanteCS"
  },
  {
    "id" : "ComplicacionEmbarazoCS",
    "type" : "CodeSystem",
    "url" : "https://paho.org/fhir/esavi/CodeSystem/ComplicacionEmbarazoCS",
    "version" : "0.1.45",
    "name" : "ComplicacionEmbarazoCS"
  },
  {
    "id" : "DirOrgNotiCS",
    "type" : "CodeSystem",
    "url" : "https://paho.org/fhir/esavi/CodeSystem/DirOrgNotiCS",
    "version" : "0.1.45",
    "name" : "DirOrgNotiCS"
  },
  {
    "id" : "ModoConfirmacionInfeccionCS",
    "type" : "CodeSystem",
    "url" : "https://paho.org/fhir/esavi/CodeSystem/ModoConfirmacionInfeccionCS",
    "version" : "0.1.45",
    "name" : "ModoConfirmacionInfeccionCS"
  },
  {
    "id" : "ModoVerificacionVacunaCS",
    "type" : "CodeSystem",
    "url" : "https://paho.org/fhir/esavi/CodeSystem/ModoVerificacionVacunaCS",
    "version" : "0.1.45",
    "name" : "ModoVerificacionVacunaCS"
  },
  {
    "id" : "ProfesionalNotificadorCS",
    "type" : "CodeSystem",
    "url" : "https://paho.org/fhir/esavi/CodeSystem/ProfesionalNotificadorCS",
    "version" : "0.1.45",
    "name" : "ProfesionalNotificadorCS"
  },
  {
    "id" : "RespuestaSiNoNoSabeCS",
    "type" : "CodeSystem",
    "url" : "https://paho.org/fhir/esavi/CodeSystem/RespuestaSiNoNoSabeCS",
    "version" : "0.1.45",
    "name" : "RespuestaSiNoNoSabeCS"
  },
  {
    "id" : "SistemaClasfCausalidadCS",
    "type" : "CodeSystem",
    "url" : "https://paho.org/fhir/esavi/CodeSystem/SistemaClasfCausalidadCS",
    "version" : "0.1.45",
    "name" : "SistemaClasfCausalidadCS"
  },
  {
    "id" : "SistemasDeCodificacionCS",
    "type" : "CodeSystem",
    "url" : "https://paho.org/fhir/esavi/CodeSystem/SistemasDeCodificacionCS",
    "version" : "0.1.45",
    "name" : "SistemasDeCodificacionCS"
  },
  {
    "id" : "codCountriesCS",
    "type" : "CodeSystem",
    "url" : "https://paho.org/fhir/esavi/CodeSystem/codCountriesCS",
    "version" : "0.1.45",
    "name" : "CodPaisesCS"
  },
  {
    "id" : "uv.esavi",
    "type" : "ImplementationGuide",
    "url" : "https://paho.org/fhir/esavi/ImplementationGuide/uv.esavi",
    "version" : "0.1.45",
    "name" : "ESAVI"
  },
  {
    "id" : "CuestionarioESAVI",
    "type" : "Questionnaire",
    "url" : "https://paho.org/fhir/esavi/Questionnaire/CuestionarioESAVI",
    "version" : "0.1.45",
    "name" : "OPSCuestionarioESAVI"
  },
  {
    "id" : "ESAVIQuestionnaireResponse",
    "type" : "StructureDefinition",
    "url" : "https://paho.org/fhir/esavi/StructureDefinition/ESAVIQuestionnaireResponse",
    "version" : "0.1.45",
    "name" : "ESAVIQuestionnaireResponse"
  },
  {
    "id" : "ClasificacionDesenlaceNaranjoVS",
    "type" : "ValueSet",
    "url" : "https://paho.org/fhir/esavi/ValueSet/ClasificacionDesenlaceNaranjoVS",
    "version" : "0.1.45",
    "name" : "ClasificacionDesenlaceNaranjoVS"
  },
  {
    "id" : "ClasificacionDesenlaceVS",
    "type" : "ValueSet",
    "url" : "https://paho.org/fhir/esavi/ValueSet/ClasificacionDesenlaceVS",
    "version" : "0.1.45",
    "name" : "ClasificacionDesenlaceVS"
  },
  {
    "id" : "ClasificacionDesenlaceWHOAEFIVS",
    "type" : "ValueSet",
    "url" : "https://paho.org/fhir/esavi/ValueSet/ClasificacionDesenlaceWHOAEFIVS",
    "version" : "0.1.45",
    "name" : "ClasificacionDesenlaceWHOAEFIVS"
  },
  {
    "id" : "ClassificacionDesenlaceWHOUMCVS",
    "type" : "ValueSet",
    "url" : "https://paho.org/fhir/esavi/ValueSet/ClassificacionDesenlaceWHOUMCVS",
    "version" : "0.1.45",
    "name" : "ClassificacionDesenlaceWHOUMCVS"
  },
  {
    "id" : "CodeMedDRAEnfPreviaVS",
    "type" : "ValueSet",
    "url" : "https://paho.org/fhir/esavi/ValueSet/CodeMedDRAEnfPreviaVS",
    "version" : "0.1.45",
    "name" : "CodigoMedDRAEnfPreviaVS"
  },
  {
    "id" : "CodeNoWhoVacunaVS",
    "type" : "ValueSet",
    "url" : "https://paho.org/fhir/esavi/ValueSet/CodeNoWhoVacunaVS",
    "version" : "0.1.45",
    "name" : "CodigoNoWhoVacunaVS"
  },
  {
    "id" : "CodeWhoVacunaVS",
    "type" : "ValueSet",
    "url" : "https://paho.org/fhir/esavi/ValueSet/CodeWhoVacunaVS",
    "version" : "0.1.45",
    "name" : "CodigoWhoVacunaVS"
  },
  {
    "id" : "CodigoMedicamentoVS",
    "type" : "ValueSet",
    "url" : "https://paho.org/fhir/esavi/ValueSet/CodigoMedicamentoVS",
    "version" : "0.1.45",
    "name" : "CodigoMedicamentoVS"
  },
  {
    "id" : "CodigoWhoFAbricanteVS",
    "type" : "ValueSet",
    "url" : "https://paho.org/fhir/esavi/ValueSet/CodigoWhoFAbricanteVS",
    "version" : "0.1.45",
    "name" : "CodigoWhoFabricanteVS"
  },
  {
    "id" : "CodigosEnfPreviaVS",
    "type" : "ValueSet",
    "url" : "https://paho.org/fhir/esavi/ValueSet/CodigosEnfPreviaVS",
    "version" : "0.1.45",
    "name" : "CodigosEnfPreviaVS"
  },
  {
    "id" : "ComplicacionEmbarazoMedDRAVS",
    "type" : "ValueSet",
    "url" : "https://paho.org/fhir/esavi/ValueSet/ComplicacionEmbarazoMedDRAVS",
    "version" : "0.1.45",
    "name" : "ComplicacionEmbarazoMedDRAVS"
  },
  {
    "id" : "ComplicacionEmbarazoOtrosVS",
    "type" : "ValueSet",
    "url" : "https://paho.org/fhir/esavi/ValueSet/ComplicacionEmbarazoOtrosVS",
    "version" : "0.1.45",
    "name" : "ComplicacionEmbarazoOtrosVS"
  },
  {
    "id" : "ComplicacionEmbarazoVS",
    "type" : "ValueSet",
    "url" : "https://paho.org/fhir/esavi/ValueSet/ComplicacionEmbarazoVS",
    "version" : "0.1.45",
    "name" : "ComplicacionEmbarazoVS"
  },
  {
    "id" : "DirOrgNotiVS",
    "type" : "ValueSet",
    "url" : "https://paho.org/fhir/esavi/ValueSet/DirOrgNotiVS",
    "version" : "0.1.45",
    "name" : "DirOrgNotiVS"
  },
  {
    "id" : "EsaviMedDRAVS",
    "type" : "ValueSet",
    "url" : "https://paho.org/fhir/esavi/ValueSet/EsaviMedDRAVS",
    "version" : "0.1.45",
    "name" : "EsaviMedDRAVS"
  },
  {
    "id" : "EsaviOtroVS",
    "type" : "ValueSet",
    "url" : "https://paho.org/fhir/esavi/ValueSet/EsaviOtroVS",
    "version" : "0.1.45",
    "name" : "EsaviOtroVS"
  },
  {
    "id" : "FormaFarmaceuticaVS",
    "type" : "ValueSet",
    "url" : "https://paho.org/fhir/esavi/ValueSet/FormaFarmaceuticaVS",
    "version" : "0.1.45",
    "name" : "FormaFarmaceuticaVS"
  },
  {
    "id" : "ModoConfirmacionInfeccionVS",
    "type" : "ValueSet",
    "url" : "https://paho.org/fhir/esavi/ValueSet/ModoConfirmacionInfeccionVS",
    "version" : "0.1.45",
    "name" : "ModoConfirmacionInfeccionVS"
  },
  {
    "id" : "ModoVerificacionVacunaVS",
    "type" : "ValueSet",
    "url" : "https://paho.org/fhir/esavi/ValueSet/ModoVerificacionVacunaVS",
    "version" : "0.1.45",
    "name" : "ModoVerificacionVacunaVS"
  },
  {
    "id" : "ProfesionalNotificadorVS",
    "type" : "ValueSet",
    "url" : "https://paho.org/fhir/esavi/ValueSet/ProfesionalNotificadorVS",
    "version" : "0.1.45",
    "name" : "ProfesionalNotificadorVS"
  },
  {
    "id" : "RespuestaSiNoNoSabeVS",
    "type" : "ValueSet",
    "url" : "https://paho.org/fhir/esavi/ValueSet/RespuestaSiNoNoSabeVS",
    "version" : "0.1.45",
    "name" : "RespuestaSiNoNoSabeVS"
  },
  {
    "id" : "SistemaClasfCausalidadVS",
    "type" : "ValueSet",
    "url" : "https://paho.org/fhir/esavi/ValueSet/SistemaClasfCausalidadVS",
    "version" : "0.1.45",
    "name" : "SistemaClasfCausalidadVS"
  },
  {
    "id" : "SistemasDeCodificacionVS",
    "type" : "ValueSet",
    "url" : "https://paho.org/fhir/esavi/ValueSet/SistemasDeCodificacionVS",
    "version" : "0.1.45",
    "name" : "SistemasDeCodificacionVS"
  },
  {
    "id" : "ViaAdminMedicamentoVS",
    "type" : "ValueSet",
    "url" : "https://paho.org/fhir/esavi/ValueSet/ViaAdminMedicamentoVS",
    "version" : "0.1.45",
    "name" : "ViaAdminMedicamentoVS"
  },
  {
    "id" : "codCountries",
    "type" : "ValueSet",
    "url" : "https://paho.org/fhir/esavi/ValueSet/codCountries",
    "version" : "0.1.45",
    "name" : "CodPaises"
  }
]
