{
  "codeSystems" : [
    {
      "url" : "http://hl7.org/fhir/administrative-gender",
      "version" : "4.0.1",
      "status" : "active",
      "name" : "AdministrativeGender",
      "title" : "AdministrativeGender",
      "description" : "The gender of a person used for administrative purposes.",
      "oids" : ["2.16.840.1.113883.4.642.4.2"],
      "uses" : {
      },
      "http://hl7.org/fhir/R4/valueset-administrative-gender.html" : "AdministrativeGender"
    },
    {
      "url" : "http://hl7.org/fhir/questionnaire-answers-status",
      "version" : "4.0.1",
      "status" : "draft",
      "name" : "QuestionnaireResponseStatus",
      "title" : "QuestionnaireResponseStatus",
      "description" : "Lifecycle status of the questionnaire response.",
      "oids" : ["2.16.840.1.113883.4.642.4.448"],
      "uses" : {
      },
      "http://hl7.org/fhir/R4/valueset-questionnaire-answers-status.html" : "QuestionnaireResponseStatus"
    },
    {
      "url" : "http://hl7.org/fhir/sid/icd-10",
      "version" : "2.1.1",
      "status" : "retired",
      "name" : "Icd10",
      "title" : "ICD-10",
      "description" : "International Classification of Diseases revision 10 (ICD 10)",
      "oids" : ["2.16.840.1.113883.6.3"],
      "uses" : {
      },
      "ValueSet-CodigosEnfPreviaVS.html" : "Previous illnesses in an ESAVI-PAHO",
      "ValueSet-ComplicacionEmbarazoOtrosVS.html" : "Other ESAVI Pregnancy Complications Codes"
    },
    {
      "url" : "http://snomed.info/sct",
      "version" : null,
      "status" : "active",
      "name" : "SNOMED_CT",
      "title" : "SNOMED CT (all versions)",
      "description" : "SNOMED CT is the most comprehensive and precise clinical health terminology product in the world, owned and distributed around the world by The International Health Terminology Standards Development Organisation (IHTSDO).",
      "oids" : ["2.16.840.1.113883.6.96"],
      "uses" : {
      },
      "ValueSet-CodigoMedicamentoVS.html" : "Medication Code",
      "ValueSet-ViaAdminMedicamentoVS.html" : "Medication Administration Routes",
      "ValueSet-CodigosEnfPreviaVS.html" : "Previous illnesses in an ESAVI-PAHO",
      "ValueSet-ComplicacionEmbarazoOtrosVS.html" : "Other ESAVI Pregnancy Complications Codes",
      "ValueSet-EsaviOtroVS.html" : "Other Adverse Event Codes",
      "ValueSet-FormaFarmaceuticaVS.html" : "Identification of Pharmaceutical Forms",
      "ValueSet-CodeNoWhoVacunaVS.html" : "Non-WHODrug Vaccine Code"
    },
    {
      "url" : "https://paho.org/fhir/esavi/CodeSystem/ClasificacionDesenlaceCS",
      "version" : "0.1.45",
      "status" : "active",
      "name" : "ClasificacionDesenlaceCS",
      "title" : "Outcomes After ESAVI",
      "description" : "Classification of Outcome After Suffering ESAVI",
      "uses" : {
      },
      "ValueSet-ClasificacionDesenlaceVS.html" : "Outcomes After ESAVI"
    },
    {
      "url" : "https://paho.org/fhir/esavi/CodeSystem/ClasificacionDesenlaceNaranjoCS",
      "version" : "0.1.45",
      "status" : "active",
      "name" : "ClasificacionDesenlaceNaranjoCS",
      "title" : "Naranjo Causality Classification",
      "description" : "Naranjo causality classification method",
      "uses" : {
      },
      "ValueSet-ClasificacionDesenlaceNaranjoVS.html" : "Naranjo Causality Classification"
    },
    {
      "url" : "https://paho.org/fhir/esavi/CodeSystem/ClasificacionDesenlaceWHOAEFICS",
      "version" : "0.1.45",
      "status" : "active",
      "name" : "ClasificacionDesenlaceWHOAEFICS",
      "title" : "WHO-AEFI causality classification",
      "description" : "WHO-AEFI causality classification method",
      "uses" : {
      },
      "ValueSet-ClasificacionDesenlaceWHOAEFIVS.html" : "WHO-AEFI causality classification"
    },
    {
      "url" : "https://paho.org/fhir/esavi/CodeSystem/ClasificacionDesenlaceWHOUMCCS",
      "version" : "0.1.45",
      "status" : "active",
      "name" : "ClasificacionDesenlaceWHOUMCCS",
      "title" : "WHO-UMC Causality Classification",
      "description" : "WHO-UMC causality classification method",
      "uses" : {
      },
      "ValueSet-ClassificacionDesenlaceWHOUMCVS.html" : "WHO-UMC Causality Classification"
    },
    {
      "url" : "https://paho.org/fhir/esavi/CodeSystem/CodeWhoManufacturerCS",
      "version" : "0.1.45",
      "status" : "active",
      "name" : "CodigoWhoFabricanteCS",
      "title" : "Vaccine Manufacturer",
      "description" : "WHO Vaccine Manufacturer Codes",
      "uses" : {
      },
      "ValueSet-CodigoWhoFAbricanteVS.html" : "Vaccine Manufacturers"
    },
    {
      "url" : "https://paho.org/fhir/esavi/CodeSystem/ComplicacionEmbarazoCS",
      "version" : "0.1.45",
      "status" : "active",
      "name" : "ComplicacionEmbarazoCS",
      "title" : "Pregnancy Complications",
      "description" : "Codes for Pregnancy Complications",
      "uses" : {
      },
      "ValueSet-ComplicacionEmbarazoVS.html" : "Pregnancy Complications"
    },
    {
      "url" : "https://paho.org/fhir/esavi/CodeSystem/DirOrgNotiCS",
      "version" : "0.1.45",
      "status" : "active",
      "name" : "DirOrgNotiCS",
      "title" : "PAHO Codes for Addresses",
      "description" : "Address Codes according to PAHO",
      "uses" : {
      },
      "ValueSet-DirOrgNotiVS.html" : "PAHO Codes for Addresses"
    },
    {
      "url" : "https://paho.org/fhir/esavi/CodeSystem/ModoConfirmacionInfeccionCS",
      "version" : "0.1.45",
      "status" : "active",
      "name" : "ModoConfirmacionInfeccionCS",
      "title" : "Infection Confirmation Mode",
      "description" : "Modes of Confirmation of COVID-19 Infection",
      "uses" : {
      },
      "ValueSet-ModoConfirmacionInfeccionVS.html" : "COVID-19 Infection Confirmation Modes"
    },
    {
      "url" : "https://paho.org/fhir/esavi/CodeSystem/ModoVerificacionVacunaCS",
      "version" : "0.1.45",
      "status" : "active",
      "name" : "ModoVerificacionVacunaCS",
      "title" : "Prior Vaccination Verification Mode",
      "description" : "Vaccine Verification Modes or Completed Vaccination Schedule",
      "uses" : {
      },
      "ValueSet-ModoVerificacionVacunaVS.html" : "Previous Vaccine Verification Modes"
    },
    {
      "url" : "https://paho.org/fhir/esavi/CodeSystem/ProfesionalNotificadorCS",
      "version" : "0.1.45",
      "status" : "active",
      "name" : "ProfesionalNotificadorCS",
      "title" : "Type of Notifying Professional",
      "description" : "ESAVI Notifier Type Codes for PAHO",
      "uses" : {
      },
      "ValueSet-ProfesionalNotificadorVS.html" : "Type of Notifying Professional"
    },
    {
      "url" : "https://paho.org/fhir/esavi/CodeSystem/RespuestaSiNoNoSabeCS",
      "version" : "0.1.45",
      "status" : "active",
      "name" : "RespuestaSiNoNoSabeCS",
      "title" : "Simple Answers",
      "description" : "Codes to capture simple yes/no/don't know responses",
      "uses" : {
      },
      "ValueSet-RespuestaSiNoNoSabeVS.html" : "Simple Answers"
    },
    {
      "url" : "https://paho.org/fhir/esavi/CodeSystem/SistemaClasfCausalidadCS",
      "version" : "0.1.45",
      "status" : "active",
      "name" : "SistemaClasfCausalidadCS",
      "title" : "Type of Causality Classification Method",
      "description" : "Codes for Types of Causality Classification Methods",
      "uses" : {
      },
      "ValueSet-SistemaClasfCausalidadVS.html" : "Type of Causality Classification Method"
    },
    {
      "url" : "https://paho.org/fhir/esavi/CodeSystem/SistemasDeCodificacionCS",
      "version" : "0.1.45",
      "status" : "active",
      "name" : "SistemasDeCodificacionCS",
      "title" : "Coding Systems",
      "description" : "Coding Systems for Code Determination",
      "uses" : {
      },
      "ValueSet-SistemasDeCodificacionVS.html" : "Coding Systems"
    },
    {
      "url" : "https://paho.org/fhir/esavi/CodeSystem/codCountriesCS",
      "version" : "0.1.45",
      "status" : "active",
      "name" : "CodPaisesCS",
      "title" : "Country Codes",
      "description" : "Codes defined for the identification of countries according to ISO3166-3 standard",
      "uses" : {
      },
      "ValueSet-codCountries.html" : "Country Codes"
    },
    {
      "url" : "https://www.meddra.org",
      "version" : "3.0.0",
      "status" : "active",
      "name" : "MedDRA",
      "title" : "Medical Dictionary for Regulatory Activities",
      "description" : "MedDRA is a multilingual standardised international medical terminology which can be used for regulatory communication and evaluation of data pertaining to medicinal products for human use.  MedDRA is designed for use in the registration, documentation and safety monitoring of medicinal products through all phases of the development cycle (i.e., from clinical trials to post-marketing surveillance).#13;\n\r\nMedDRA is structured as a five level hierarchy. System Organ Classes (SOCs) are the broadest terms (e.g., Cardiac disorders, Investigations). The lowest level of the terminology is the Lowest Level Term (LLT) level.",
      "oids" : ["2.16.840.1.113883.6.163"],
      "uses" : {
      },
      "ValueSet-ComplicacionEmbarazoMedDRAVS.html" : "MEDDRA Codes Complications in Pregnancy ESAVI",
      "ValueSet-EsaviMedDRAVS.html" : "MedDRA Code of the Reported Adverse Event",
      "ValueSet-CodeMedDRAEnfPreviaVS.html" : "MedDRA codes to represent previous diseases in an ESAVI-PAHO"
    }
  ]
}
