{
  "codeSystems" : [
    {
      "url" : "http://hl7.org/fhir/ValueSet/administrative-gender",
      "version" : "4.0.1",
      "status" : "active",
      "name" : "AdministrativeGender",
      "title" : "AdministrativeGender",
      "description" : "The gender of a person used for administrative purposes.",
      "systems" : ["http://hl7.org/fhir/administrative-gender"],
      "oids" : ["2.16.840.1.113883.4.642.3.1"],
      "sources" : ["2.16.840.1.113883.4.642.3.1"],
      "uses" : {
      },
      "Questionnaire-CuestionarioESAVI.html" : "PAHO ESAVI Questionnaire"
    },
    {
      "url" : "http://hl7.org/fhir/ValueSet/identifier-type",
      "version" : "4.0.1",
      "status" : "active",
      "name" : "Identifier Type Codes",
      "title" : "IdentifierType",
      "description" : "A coded type for an identifier that can be used to determine which identifier to use for a specific purpose.",
      "systems" : ["http://terminology.hl7.org/CodeSystem/v2-0203"],
      "oids" : ["2.16.840.1.113883.4.642.3.45"],
      "sources" : ["2.16.840.1.113883.4.642.3.45"],
      "uses" : {
      },
      "StructureDefinition-ESAVIQuestionnaireResponse.html" : "ESAVI Questionnaire Response"
    },
    {
      "url" : "http://hl7.org/fhir/ValueSet/identifier-use",
      "version" : "4.0.1",
      "status" : "active",
      "name" : "IdentifierUse",
      "title" : "IdentifierUse",
      "description" : "Identifies the purpose for this identifier, if known .",
      "systems" : ["http://hl7.org/fhir/identifier-use"],
      "oids" : ["2.16.840.1.113883.4.642.3.57"],
      "sources" : ["2.16.840.1.113883.4.642.3.57"],
      "uses" : {
      },
      "StructureDefinition-ESAVIQuestionnaireResponse.html" : "ESAVI Questionnaire Response"
    },
    {
      "url" : "http://hl7.org/fhir/ValueSet/languages",
      "version" : "4.0.1",
      "status" : "draft",
      "name" : "CommonLanguages",
      "title" : "Common Languages",
      "description" : "This value set includes common codes from BCP-47 (http://tools.ietf.org/html/bcp47)",
      "systems" : ["urn:ietf:bcp:47"],
      "oids" : ["2.16.840.1.113883.4.642.3.20"],
      "sources" : ["2.16.840.1.113883.4.642.3.20"],
      "uses" : {
      },
      "StructureDefinition-ESAVIQuestionnaireResponse.html" : "ESAVI Questionnaire Response"
    },
    {
      "url" : "http://hl7.org/fhir/ValueSet/questionnaire-answers",
      "version" : "4.0.1",
      "status" : "draft",
      "name" : "QuestionnaireAnswerCodes",
      "title" : "Questionnaire Answer Codes",
      "description" : "Example list of codes for answers to questions. (Not complete or necessarily appropriate.)",
      "systems" : ["http://snomed.info/sct"],
      "oids" : ["2.16.840.1.113883.4.642.3.446"],
      "sources" : ["2.16.840.1.113883.4.642.3.446"],
      "uses" : {
      },
      "StructureDefinition-ESAVIQuestionnaireResponse.html" : "ESAVI Questionnaire Response"
    },
    {
      "url" : "http://hl7.org/fhir/ValueSet/questionnaire-answers-status",
      "version" : "4.0.1",
      "status" : "draft",
      "name" : "QuestionnaireResponseStatus",
      "title" : "QuestionnaireResponseStatus",
      "description" : "Lifecycle status of the questionnaire response.",
      "systems" : ["http://hl7.org/fhir/questionnaire-answers-status"],
      "oids" : ["required"],
      "sources" : ["required"],
      "uses" : {
      },
      "StructureDefinition-ESAVIQuestionnaireResponse.html" : "ESAVI Questionnaire Response"
    },
    {
      "url" : "https://paho.org/fhir/esavi/ValueSet/ClasificacionDesenlaceNaranjoVS",
      "version" : "0.1.45",
      "status" : "active",
      "name" : "ClasificacionDesenlaceNaranjoVS",
      "title" : "Naranjo Causality Classification",
      "description" : "Naranjo causality classification method",
      "systems" : [
        "https://paho.org/fhir/esavi/CodeSystem/ClasificacionDesenlaceNaranjoCS"
      ],
      "uses" : {
      },
      "Questionnaire-CuestionarioESAVI.html" : "PAHO ESAVI Questionnaire"
    },
    {
      "url" : "https://paho.org/fhir/esavi/ValueSet/ClasificacionDesenlaceVS",
      "version" : "0.1.45",
      "status" : "active",
      "name" : "ClasificacionDesenlaceVS",
      "title" : "Outcomes After ESAVI",
      "description" : "Classification of Outcome After Suffering ESAVI",
      "systems" : [
        "https://paho.org/fhir/esavi/CodeSystem/ClasificacionDesenlaceCS"
      ],
      "uses" : {
      },
      "Questionnaire-CuestionarioESAVI.html" : "PAHO ESAVI Questionnaire"
    },
    {
      "url" : "https://paho.org/fhir/esavi/ValueSet/ClasificacionDesenlaceWHOAEFIVS",
      "version" : "0.1.45",
      "status" : "active",
      "name" : "ClasificacionDesenlaceWHOAEFIVS",
      "title" : "WHO-AEFI causality classification",
      "description" : "WHO-AEFI causality classification method",
      "systems" : [
        "https://paho.org/fhir/esavi/CodeSystem/ClasificacionDesenlaceWHOAEFICS"
      ],
      "uses" : {
      },
      "Questionnaire-CuestionarioESAVI.html" : "PAHO ESAVI Questionnaire"
    },
    {
      "url" : "https://paho.org/fhir/esavi/ValueSet/ClassificacionDesenlaceWHOUMCVS",
      "version" : "0.1.45",
      "status" : "active",
      "name" : "ClassificacionDesenlaceWHOUMCVS",
      "title" : "WHO-UMC Causality Classification",
      "description" : "WHO-UMC causality classification method",
      "systems" : [
        "https://paho.org/fhir/esavi/CodeSystem/ClasificacionDesenlaceWHOUMCCS"
      ]
    },
    {
      "url" : "https://paho.org/fhir/esavi/ValueSet/CodeMedDRAEnfPreviaVS",
      "version" : "0.1.45",
      "status" : "active",
      "name" : "CodigoMedDRAEnfPreviaVS",
      "title" : "MedDRA codes to represent previous diseases in an ESAVI-PAHO",
      "description" : "Describes the previous diseases in an ESAVI coded in MedDRA",
      "systems" : ["https://www.meddra.org"]
    },
    {
      "url" : "https://paho.org/fhir/esavi/ValueSet/CodeNoWhoVacunaVS",
      "version" : "0.1.45",
      "status" : "active",
      "name" : "CodigoNoWhoVacunaVS",
      "title" : "Non-WHODrug Vaccine Code",
      "description" : "Vaccine non-WHODrug code",
      "systems" : ["http://snomed.info/sct"]
    },
    {
      "url" : "https://paho.org/fhir/esavi/ValueSet/CodeWhoVacunaVS",
      "version" : "0.1.45",
      "status" : "active",
      "name" : "CodigoWhoVacunaVS",
      "title" : "WHODrug code for the vaccine",
      "description" : "Standardized Coding of the Vaccine Code according to WhoDrug",
      "systems" : ["https://apiportaldemo.who-umc.org"]
    },
    {
      "url" : "https://paho.org/fhir/esavi/ValueSet/CodigoMedicamentoVS",
      "version" : "0.1.45",
      "status" : "active",
      "name" : "CodigoMedicamentoVS",
      "title" : "Medication Code",
      "description" : "Medication Code",
      "systems" : ["http://snomed.info/sct"],
      "uses" : {
      },
      "Questionnaire-CuestionarioESAVI.html" : "PAHO ESAVI Questionnaire"
    },
    {
      "url" : "https://paho.org/fhir/esavi/ValueSet/CodigoWhoFAbricanteVS",
      "version" : "0.1.45",
      "status" : "active",
      "name" : "CodigoWhoFabricanteVS",
      "title" : "Vaccine Manufacturers",
      "description" : "WHO Vaccine Manufacturer Codes",
      "systems" : [
        "https://paho.org/fhir/esavi/CodeSystem/CodeWhoManufacturerCS"
      ]
    },
    {
      "url" : "https://paho.org/fhir/esavi/ValueSet/CodigosEnfPreviaVS",
      "version" : "0.1.45",
      "status" : "active",
      "name" : "CodigosEnfPreviaVS",
      "title" : "Previous illnesses in an ESAVI-PAHO",
      "description" : "Describes the previous diseases in an ESAVI coded in ICD10, ICD11 or SNOMED CT",
      "systems" : ["http://hl7.org/fhir/sid/icd-10", "http://snomed.info/sct"]
    },
    {
      "url" : "https://paho.org/fhir/esavi/ValueSet/ComplicacionEmbarazoMedDRAVS",
      "version" : "0.1.45",
      "status" : "active",
      "name" : "ComplicacionEmbarazoMedDRAVS",
      "title" : "MEDDRA Codes Complications in Pregnancy ESAVI",
      "description" : "Standardized coding of diagnoses of pregnancy complications using MedDRA codes",
      "systems" : ["https://www.meddra.org"],
      "uses" : {
      },
      "Questionnaire-CuestionarioESAVI.html" : "PAHO ESAVI Questionnaire"
    },
    {
      "url" : "https://paho.org/fhir/esavi/ValueSet/ComplicacionEmbarazoOtrosVS",
      "version" : "0.1.45",
      "status" : "active",
      "name" : "ComplicacionEmbarazoOtrosVS",
      "title" : "Other ESAVI Pregnancy Complications Codes",
      "description" : "Standardized coding of diagnoses of pregnancy complications using Snomed and ICD-10 codes",
      "systems" : ["http://hl7.org/fhir/sid/icd-10", "http://snomed.info/sct"]
    },
    {
      "url" : "https://paho.org/fhir/esavi/ValueSet/ComplicacionEmbarazoVS",
      "version" : "0.1.45",
      "status" : "active",
      "name" : "ComplicacionEmbarazoVS",
      "title" : "Pregnancy Complications",
      "description" : "Set of Values for the ESAVI Pregnancy Complications Section",
      "systems" : [
        "https://paho.org/fhir/esavi/CodeSystem/ComplicacionEmbarazoCS"
      ],
      "uses" : {
      },
      "Questionnaire-CuestionarioESAVI.html" : "PAHO ESAVI Questionnaire"
    },
    {
      "url" : "https://paho.org/fhir/esavi/ValueSet/DirOrgNotiVS",
      "version" : "0.1.45",
      "status" : "active",
      "name" : "DirOrgNotiVS",
      "title" : "PAHO Codes for Addresses",
      "description" : "Set of Values for direction according to OPS",
      "systems" : ["https://paho.org/fhir/esavi/CodeSystem/DirOrgNotiCS"],
      "uses" : {
      },
      "Questionnaire-CuestionarioESAVI.html" : "PAHO ESAVI Questionnaire"
    },
    {
      "url" : "https://paho.org/fhir/esavi/ValueSet/EsaviMedDRAVS",
      "version" : "0.1.45",
      "status" : "active",
      "name" : "EsaviMedDRAVS",
      "title" : "MedDRA Code of the Reported Adverse Event",
      "description" : "MedDRA Code of the Reported Adverse Event",
      "systems" : ["https://www.meddra.org"],
      "uses" : {
      },
      "Questionnaire-CuestionarioESAVI.html" : "PAHO ESAVI Questionnaire"
    },
    {
      "url" : "https://paho.org/fhir/esavi/ValueSet/EsaviOtroVS",
      "version" : "0.1.45",
      "status" : "active",
      "name" : "EsaviOtroVS",
      "title" : "Other Adverse Event Codes",
      "description" : "Adverse event in another system according to Snomed and ICD-10",
      "systems" : ["http://snomed.info/sct"],
      "uses" : {
      },
      "Questionnaire-CuestionarioESAVI.html" : "PAHO ESAVI Questionnaire"
    },
    {
      "url" : "https://paho.org/fhir/esavi/ValueSet/FormaFarmaceuticaVS",
      "version" : "0.1.45",
      "status" : "active",
      "name" : "FormaFarmaceuticaVS",
      "title" : "Identification of Pharmaceutical Forms",
      "description" : "Describes and lists the pharmaceutical forms of medications for registration in ESAVI according to SNOMED CT",
      "systems" : ["http://snomed.info/sct"],
      "uses" : {
      },
      "Questionnaire-CuestionarioESAVI.html" : "PAHO ESAVI Questionnaire"
    },
    {
      "url" : "https://paho.org/fhir/esavi/ValueSet/ModoConfirmacionInfeccionVS",
      "version" : "0.1.45",
      "status" : "active",
      "name" : "ModoConfirmacionInfeccionVS",
      "title" : "COVID-19 Infection Confirmation Modes",
      "description" : "Modes of Confirmation of COVID-19 Infection",
      "systems" : [
        "https://paho.org/fhir/esavi/CodeSystem/ModoConfirmacionInfeccionCS"
      ],
      "uses" : {
      },
      "Questionnaire-CuestionarioESAVI.html" : "PAHO ESAVI Questionnaire"
    },
    {
      "url" : "https://paho.org/fhir/esavi/ValueSet/ModoVerificacionVacunaVS",
      "version" : "0.1.45",
      "status" : "active",
      "name" : "ModoVerificacionVacunaVS",
      "title" : "Previous Vaccine Verification Modes",
      "description" : "Vaccine Verification Modes or Completed Vaccination Schedule",
      "systems" : [
        "https://paho.org/fhir/esavi/CodeSystem/ModoVerificacionVacunaCS"
      ],
      "uses" : {
      },
      "Questionnaire-CuestionarioESAVI.html" : "PAHO ESAVI Questionnaire"
    },
    {
      "url" : "https://paho.org/fhir/esavi/ValueSet/ProfesionalNotificadorVS",
      "version" : "0.1.45",
      "status" : "active",
      "name" : "ProfesionalNotificadorVS",
      "title" : "Type of Notifying Professional",
      "description" : "ESAVI Notifier Type Codes for PAHO",
      "systems" : [
        "https://paho.org/fhir/esavi/CodeSystem/ProfesionalNotificadorCS"
      ],
      "uses" : {
      },
      "Questionnaire-CuestionarioESAVI.html" : "PAHO ESAVI Questionnaire"
    },
    {
      "url" : "https://paho.org/fhir/esavi/ValueSet/RespuestaSiNoNoSabeVS",
      "version" : "0.1.45",
      "status" : "active",
      "name" : "RespuestaSiNoNoSabeVS",
      "title" : "Simple Answers",
      "description" : "Codes to capture simple yes/no/don't know responses",
      "systems" : [
        "https://paho.org/fhir/esavi/CodeSystem/RespuestaSiNoNoSabeCS"
      ]
    },
    {
      "url" : "https://paho.org/fhir/esavi/ValueSet/SistemaClasfCausalidadVS",
      "version" : "0.1.45",
      "status" : "active",
      "name" : "SistemaClasfCausalidadVS",
      "title" : "Type of Causality Classification Method",
      "description" : "Codes for Types and Causality Classification Methods",
      "systems" : [
        "https://paho.org/fhir/esavi/CodeSystem/SistemaClasfCausalidadCS"
      ],
      "uses" : {
      },
      "Questionnaire-CuestionarioESAVI.html" : "PAHO ESAVI Questionnaire"
    },
    {
      "url" : "https://paho.org/fhir/esavi/ValueSet/SistemasDeCodificacionVS",
      "version" : "0.1.45",
      "status" : "active",
      "name" : "SistemasDeCodificacionVS",
      "title" : "Coding Systems",
      "description" : "Coding Systems for Code Determination",
      "systems" : [
        "https://paho.org/fhir/esavi/CodeSystem/SistemasDeCodificacionCS"
      ],
      "uses" : {
      },
      "Questionnaire-CuestionarioESAVI.html" : "PAHO ESAVI Questionnaire"
    },
    {
      "url" : "https://paho.org/fhir/esavi/ValueSet/ViaAdminMedicamentoVS",
      "version" : "0.1.45",
      "status" : "active",
      "name" : "ViaAdminMedicamentoVS",
      "title" : "Medication Administration Routes",
      "description" : "Describes and lists the routes of administration of medications for registration in ESAVI according to SNOMED CT",
      "systems" : ["http://snomed.info/sct"],
      "uses" : {
      },
      "Questionnaire-CuestionarioESAVI.html" : "PAHO ESAVI Questionnaire"
    },
    {
      "url" : "https://paho.org/fhir/esavi/ValueSet/codCountries",
      "version" : "0.1.45",
      "status" : "active",
      "name" : "CodPaises",
      "title" : "Country Codes",
      "description" : "Codes defined for the identification of countries according to ISO3166-N standard",
      "systems" : ["https://paho.org/fhir/esavi/CodeSystem/codCountriesCS"]
    }
  ]
}
